id,workId,workTitle_ko,workTitle_en,workTitle_ja,name_ko,name_en,name_ja,description_ko,description_en,description_ja,lat,lng,address_ko,address_en,address_ja,tags,openHours_ko,openHours_en,openHours_ja,isOpen,scene_ko,scene_en,scene_ja,image,transitRoute_ko,transitRoute_en,transitRoute_ja
"spot-001","itaewon-class","이태원 클라쓰","Itaewon Class","梨泰院クラス","단밤 포차 1호점 (카페 오리올)","DanBam Pub #1 (Oriole Cafe)","タンバムポチャ1号店（オリオール）","박새로이가 꿈을 품고 처음 차린 단밤 포차의 실제 촬영지. 해방촌 언덕 위에서 남산서울타워와 서울 시내 야경을 한눈에 감상할 수 있습니다.","The actual filming location of Saeroyi's first DanBam pub. Offers a breathtaking night view of Namsan Tower from Haebangchon hill.","パク・セロイが夢を담아 創業したタンバムポチャ1号店の実際の撮影地.",37.5458,126.9856,"서울특별시 용산구 신흥로20길 43","43 Sinheung-ro 20-gil, Yongsan-gu, Seoul","ソウル特別市龍山区新興路20キル43","restaurant,dramaSite,cafe","11:00 - 22:00","11:00 AM - 10:00 PM","11:00 - 22:00",true,"단밤 포차 1호점 - 새로이와 멤버들이 힘을 모아 시작하는 창업 공간","DanBam Pub #1 - Where Saeroyi and members start their dream business","タンバムポチャ1号店 - セロイとメンバーが夢を始める空間","assets/images/ㅇ.jpeg","6호선 녹사평역 2번 출구 -> 용산02 마을버스 승차 -> 신흥교회 앞 하차 -> 도보 2분","Line 6 Noksapyeong Stn Exit 2 -> Take Maeul Bus Yongsan02 -> Get off at Shinheung Church -> Walk 2 mins","6号線緑嗣坪駅2番出口 -> マウルバス龍山02乗車 -> 新興教会前下車 -> 徒歩2分"
"spot-002","itaewon-class","이태원 클라쓰","Itaewon Class","梨泰院クラス","녹사평 육교","Noksapyeong Overpass","ノクサピョン歩道橋","박새로이와 조이서가 깊은 고민을 나누던 대표적 상징 육교. 남산타워와 넓은 도로의 조명이 어우러지는 최고의 포토 스팟입니다.","The iconic overpass where Park Saeroyi and Jo Yiseo had deep talks. Famous photo spot with Namsan Tower view.","パク・セロイとチョ・イソが悩みを交わした象徴的な歩道橋.",37.534,126.986,"서울특별시 용산구 녹사평대로 195 (녹사평역 1번 출구)","195 Noksapyeong-daero, Yongsan-gu, Seoul","ソウル特別市龍山区ノクサピョン大路195","nightView,photospot,dramaSite","24시간","24 Hours","24時間",true,"새로이가 이태원에 오면 생각에 잠기는 남산 뷰 육교 장면","Iconic scene - Saeroyi thinking about his future on the overpass","セロイが梨泰院に来ると考えにふける南山ビューの歩道橋シーン","assets/images/ㅇ.jpeg","6호선 녹사평역 1번 출구 -> 도보 1분","Line 6 Noksapyeong Stn Exit 1 -> Walk 1 min","6号線緑嗣坪駅1番出口 -> 徒歩1分"
"spot-003","itaewon-class","이태원 클라쓰","Itaewon Class","梨泰院クラス","남산 백범광장공원 (성곽길 데이트 엔딩 장소)","Baekbeom Square Park (Namsan Castle Wall)","白凡広場公園（南山城郭路）","드라마 속에서 새로이와 조이서가 자주 걸으며 서로의 꿈과 깊은 고민을 나누던 남산 성곽길. 마지막 회 엔딩 로맨틱 입맞춤 장면 촬영지입니다.","The Namsan fortress wall park where Saeroyi and Yiseo walked together and filmed their final romantic kiss scene.","セロイとチョ・イソが夢を交わし、最後にお互いの愛を確認してキスを交わした南山城郭の公園です.",37.556,126.9774,"서울특별시 중구 퇴계로8길 49-4 (회현역 인근)","49-4 Toegye-ro 8-gil, Jung-gu, Seoul","ソウル特別市中区退渓路8キル49-4","park,nightView,photospot,dramaSite","24시간","24 Hours","24時間",true,"새로이와 이서가 남산 타워를 바라보며 손을 잡고 걷던 성곽길 및 엔딩 입맞춤 장면","Saeroyi and Yiseo walking along the wall under Namsan Tower and their final kiss","セロイとイソが南山タワーを見つめながら手を繋いで歩いた城郭とキスのシーン","assets/images/ㅇ.jpeg","4호선 회현역 4번 출구 -> 도보 8분","Line 4 Hoehyeon Stn Exit 4 -> Walk 8 mins","4号線会賢駅4番出口 -> 徒歩8分"
"spot-005","yumis-cells","유미의 세포들","Yumi's Cells","ユミの細胞たち","경주식당 (상수동 한옥 고깃집)","Gyeongju Sikdang (Sangsu Hanok Restaurant)","慶州食堂（上水洞韓屋焼肉）","마포구 상수동의 조용한 한옥을 개조해 만든 고기 요리 전문 한식당. 극 중에서 유미와 구웅이 갈등 상황에서 마음 불편하게 밥을 먹었던 레트로한 식당입니다.","A Korean hanok meat restaurant in Sangsu-dong where Yumi and Woong had their tense dining scene.","麻浦区上水洞の韓屋を改装したお肉料理専門店.",37.5478,126.9227,"서울특별시 마포구 와우산로13길 49-7","49-7 Wausan-ro 13-gil, Mapo-gu, Seoul","ソウル特別市麻浦区臥牛山路13キル49-7","restaurant,dramaSite","11:30 - 22:00","11:30 AM - 10:00 PM","11:30 - 22:00",true,"5화 - 두 사람 사이에 차가운 분위기가 감돌던 한식당 식사 장면","Ep 5 - The tense dinner scene between Yumi and Woong","第5話 - 二人の間に冷たい空気が流れた食事シーン","assets/images/ㅇㅁ.jpeg","6호선 상수역 1번 출구 -> 도보 4분","Line 6 Sangsu Stn Exit 1 -> Walk 4 mins","6号線上水駅1番出口 -> 徒歩4分"
"spot-006","yumis-cells","유미의 세포들","Yumi's Cells","ユミの細胞たち","카페 라디오엠 (Radio M - 첫 만남 데이트 카페)","Radio M Cafe (First Date Spot)","ラジオMカフェ（初対面デート）","서울 종로구 삼청동에 위치한 레트로 빈티지 라디오 테마 카페. 유미와 구웅이 첫 만남 소개팅 데이트를 진행했던 상징적인 카페 촬영지입니다.","A vintage radio-themed cafe in Samcheong-dong where Yumi and Woong had their iconic first blind date.","ソウル三清洞に位置するヴィンテージラジオテーマカフェ.",37.579,126.9818,"서울특별시 종로구 삼청로 2길 37","37 Samcheong-ro 2-gil, Jongno-gu, Seoul","ソウル特別市鐘路区三清路2キル37","cafe,romance,dramaSite","10:00 - 21:30","10:00 AM - 9:30 PM","10:00 - 21:30",true,"유미와 구웅이 처음 만나 쑥스럽게 대화를 이어가던 카페 테이블","Yumi and Woong's iconic first meeting blind date scene","ユミとウンが初めて出会い会話を交わしたカフェ","assets/images/ㅇㅁ.jpeg","3호선 안국역 1번 출구 -> 도보 6분","Line 3 Anguk Stn Exit 1 -> Walk 6 mins","3号線安国駅1番出口 -> 徒歩6分"
"spot-019","yumis-cells","유미의 세포들","Yumi's Cells","ユミの細胞たち","유미의 아파트 (부천 벚꽃마을)","Yumi's Apartment (Bucheon Cherry Blossom Village)","ユミのアパート（富川桜村）","유미의 집 아파트 실제 외관 촬영지. 부천시 상동 벚꽃마을 세종그랑시아 아파트 단지로, 밤마다 구웅이 바래다주던 예쁜 길입니다.","The actual filming location for Yumi's apartment exterior at Cherry Blossom Village in Bucheon.","ユミの家のアパートの実際の撮影地.",37.4947,126.7455,"경기도 부천시 원미구 상동 벚꽃마을","Cherry Blossom Village, Sang-dong, Bucheon-si, Gyeonggi-do","京畿道富川市上東 桜村","landmark,dramaSite,street","24시간","24 Hours","24時間",true,"구웅이 밤마다 유미를 아파트 앞까지 바래다주고 고백하던 장소","Where Woong walked Yumi home at night and confessed his feelings","ウンが夜にユミを送り届け、告白に成功した路地裏","assets/images/ㅇㅁ.jpeg","7호선 상동역 2번 출구 -> 5-2번 버스 승차 -> 벚꽃마을 하차 -> 도보 2분","Line 7 Sangdong Stn Exit 2 -> Bus 5-2 -> Walk 2 mins","7号線上東駅2番出口 -> 徒歩2分"
"spot-007","solo-leveling","나 혼자만 레벨업","Solo Leveling","俺だけレベルアップな件","합정역 3번 출구 (첫 인스턴스 던전 입구)","Hapjeong Station Exit 3 (First Dungeon Entrance)","合井駅3番出口（最初のダンジョン入口）","성진우가 이중 던전 생존 이후 시스템 퀘스트를 통해 첫 인스턴스 던전 열쇠를 사용하고 마수와 늑대들을 헌팅했던 상징적 장소.","The iconic Hapjeong Station exit where Sung Jin-woo unlocked his first instance dungeon and hunted beasts.","ソン・ジヌが二重ダンジョン生存後、最初のインスタンスダンジョンの鍵を使用して魔物を狩った場所.",37.5492,126.9135,"서울특별시 마포구 양화로 45 (합정역 3번 출구)","45 Yanghwa-ro, Mapo-gu, Seoul (Hapjeong Stn Exit 3)","ソウル特別市麻浦区楊花路45","landmark,action,fantasy","24시간","24 Hours","24時間",true,"진우가 지하철역 출입구로 들어가 첫 퀘스트 던전에 도전하던 장면","Jin-woo entering the subway dungeon for his first level-up quest","ジヌが地下鉄駅の入口から入り最初のクエストダンジョンに挑戦するシーン","assets/images/ㄴ.jpeg","2호선/6호선 합정역 3번 출구 바로 앞","Line 2/6 Hapjeong Stn Exit 3 (Right in front)","2号線/6号선合井駅3番出口直結"
"spot-008","solo-leveling","나 혼자만 레벨업","Solo Leveling","俺だけレベルアップな件","광화문 광장 (헌터 협회 및 세종대왕상 대전투 배경)","Gwanghwamun Square (Hunter Association Battle)","光化門広場（ハンター協会＆大戦闘背景）","웹툰 후반부 그림자 군단과 군주들의 최후 도심 대격전이 벌어지는 서울 중심부 랜드마크 광장.","The central square in Seoul where the shadow army fought the ultimate battle against monarchs.","ウェブトゥーン後半で影の軍団と君主たちの最終大戦闘が繰り広げられる光化門広場.",37.5759,126.9768,"서울특별시 종로구 세종대로 172","172 Sejong-daero, Jongno-gu, Seoul","ソウル特別市鐘路区世宗大路172","landmark,photospot,park","24시간","24 Hours","24時間",true,"진우가 세종대왕상 앞 광화문 하늘 위로 수만 그림자 군단을 소환하던 전투 배경","Jin-woo summoning thousands of shadow soldiers over Gwanghwamun","ジヌが世宗大王像の前で数万の影の軍団を召喚した戦闘シーン","assets/images/ㄴ.jpeg","5호선 광화문역 2번, 7번, 9번 출구 직결","Line 5 Gwanghwamun Stn Exit 2, 7, 9 Direct connection","5号線光化門駅2番・7番・9番出口直結"
"spot-020","solo-leveling","나 혼자만 레벨업","Solo Leveling","俺だけレベルアップな件","잠실 롯데월드타워 (S급 헌터 마천루 모티브)","Lotte World Tower (S-Class Hunter Skyscraper)","ロッテワールドタワー（S級ハンター摩天楼）","S급 헌터로 각성한 성진우가 서울 도심 한복판 마천루 위에서 마력을 방출하며 시내를 내려다보던 초고층 모티브 랜드마크.","The 123-story skyscraper motif where S-class Jin-woo looked down over Seoul with overwhelming power.","S級ハンターに覚醒したソン・ジヌがソウル市街を見下ろした超高層摩天楼モチーフ.",37.5126,127.1025,"서울특별시 송파구 올림픽로 300","300 Olympic-ro, Songpa-gu, Seoul","ソウル特別市松坡区オリンピック路300","landmark,nightView,photospot","10:30 - 22:00","10:30 AM - 10:00 PM","10:30 - 22:00",true,"진우가 강력한 힘을 깨닫고 초고층 빌딩 정상에서 서울 야경을 바라보던 장면","Jin-woo standing atop the skyscraper observing Seoul's skyline","ジヌが超高層ビルの頂上からソウルの夜景を見つめたシーン","assets/images/ㄴ.jpeg","2호선/8호선 잠실역 1번, 2번 출구 지하 연결통로 직결","Line 2/8 Jamsil Stn Exit 1, 2 Direct connection","2号線/8号線蚕室駅1番・2番出口直結"
"spot-009","true-beauty","여신강림","True Beauty","女神降臨","왕자 만화방 (와이앤아니마 - 수호와 주경의 아지트)","Prince Comic Shop (Y&Anima)","王子マンガ喫茶（Y&Anima）","임주경과 이수호가 민낯 비밀을 공유하며 운명적으로 재회하고 친해진 레트로 아지트 촬영지. 실제로는 삼청동 공방 와이앤아니마입니다.","The secret comic shop where Jugyeong and Suho fatefully met without makeup. Filmed at Y&Anima in Samcheong-dong.","イム・ジュギョンとイ・スホがすっぴんの秘密を共有し運命的に再会した秘密のアジト.",37.5794,126.9845,"서울특별시 종로구 윤보선길 31","31 Yunboseon-gil, Jongno-gu, Seoul","ソウル特別市鐘路区尹潽善路31","cafe,romance,dramaSite","12:00 - 20:00","12:00 PM - 8:00 PM","12:00 - 20:00",true,"민낯 주경이 수호와 호러 만화책을 사이에 두고 재회하던 만화방 장면","Jugyeong meeting Suho over horror comic books","すっぴんのジュギョンがスホとホラー漫画を挟んで再会したシーン","assets/images/ㅇㅅ.jpeg","3호선 안국역 1번 출구 -> 도보 3분","Line 3 Anguk Stn Exit 1 -> Walk 3 mins","3号線安国駅1番出口 -> 徒歩3分"
"spot-010","true-beauty","여신강림","True Beauty","女神降臨","새봄고등학교 (연세대학교 연희관)","Saebom High School (Yonsei Univ Yeonhui Hall)","セボム高校（延世大学延禧館）","주경, 수호, 서준이 함께 다닌 새봄고등학교의 낭만적인 등교길 및 캠퍼스 외관 촬영지. 서대문구 신촌 연세대학교 연희관입니다.","The romantic high school campus for Saebom High School, filmed at Yeonhui Hall in Yonsei University.","ジュギョン、スホ、ソジュンが通ったセボム高校のキャンパス外観.",37.5628,126.9387,"서울특별시 서대문구 연세로 50 (연세대학교 연희관)","50 Yonsei-ro, Seodaemun-gu, Seoul (Yonsei Univ)","ソウル特別市西大門区延世路50","landmark,youth,dramaSite","09:00 - 18:00","9:00 AM - 6:00 PM","09:00 - 18:00",true,"여신으로 변신한 주경이가 새봄고 캠퍼스를 걸어 등교하던 명장면","Jugyeong walking into Saebom High School campus as a beauty goddess","女神に変身したジュギョンがセボム高校のキャンパスを歩いて登校したシーン","assets/images/ㅇㅅ.jpeg","2호선 신촌역 2번 출구 -> 도보 12분","Line 2 Sinchon Stn Exit 2 -> Walk 12 mins","2号線新村駅2番出口 -> 徒歩12分"
"spot-021","true-beauty","여신강림","True Beauty","女神降臨","익선동 콤콤오락실 (주경이와 친구들의 레트로 데이트)","Ikseon-dong Retro Arcade (ComCom Arcade)","益善洞レトロゲームセンター","주경이가 친구들과 스티커 사진을 찍고 스트리트 파이터 게임을 즐기며 추억을 쌓던 익선동 한옥 골목길 오락실.","The retro arcade in Ikseon-dong hanok alley where Jugyeong played games and took photo stickers.","ジュギョンが友達とステッカー写真を撮りゲームを楽しんだ益善洞韓屋のレトロゲームセンター.",37.5724,126.9895,"서울특별시 종로구 수표로28길 23-6","23-6 Supyo-ro 28-gil, Jongno-gu, Seoul","ソウル特別市鐘路区水標路28キル23-6","street,youth,photospot","10:00 - 23:00","10:00 AM - 11:00 PM","10:00 - 23:00",true,"서준이와 주경이가 티격태격 게임 배틀을 벌이던 오락실 장면","Seojun and Jugyeong playing arcade games together in Ikseon-dong","ソジュンとジュギョンがゲーム対決を繰り広げたゲームセンター","assets/images/ㅇㅅ.jpeg","1호선/3호선/5호선 종로3가역 4번 출구 -> 도보 2분","Line 1/3/5 Jongno 3-ga Stn Exit 4 -> Walk 2 mins","鐘路3街駅4番出口 -> 徒歩2分"
"spot-011","secretary-kim","김비서가 왜 그럴까","What's Wrong with Secretary Kim","キム秘書はいったいなぜ","김미소 집 (갤러리 카페 의외의 조합)","Kim Mi-so's House (Gallery Cafe)","キム・ミソの家（ギャラリーカフェ）","극 중 김미소 비서(박민영)의 옥탑방 집으로 등장한 해방촌 소월로 골목길 건물. 1층은 예쁜 카페, 옥상은 남산 뷰 명소입니다.","The actual building used as Kim Mi-so's rooftop home in Haebangchon. Features a nice cafe on 1F and Namsan view.","キム・ミソ秘書の屋上部屋として登場した解放村素月路の建物.",37.5492,126.9824,"서울특별시 용산구 소월로20길 55","55 Sowol-ro 20-gil, Yongsan-gu, Seoul","ソウル特別市龍山区素月路20キル55","cafe,romance,dramaSite","12:00 - 21:00","12:00 PM - 9:00 PM","12:00 - 21:00",true,"이영준 부회장이 미소를 집 앞까지 바래다주고 고백하던 옥탑방 계단","Vice Chairman Young-joon walking Mi-so home to her rooftop stairs","イ・ヨンジュン副会長がミソを家まで送り届けた屋上階段","assets/images/ㄱㅂㅅ.jpeg","4호선 회현역 4번 출구 -> 용산02 마을버스 승차 -> 도보 3분","Line 4 Hoehyeon Stn Exit 4 -> Bus Yongsan02 -> Walk 3 mins","4号線会賢駅4番出口 -> 徒歩3分"
"spot-012","secretary-kim","김비서가 왜 그럴까","What's Wrong with Secretary Kim","キム秘書はいったいなぜ","에버랜드 (영준의 프라이빗 놀이공원 통째 대관 데이트)","Everland (Private Amusement Park Date)","エバーランド（貸切遊園地デート）","이영준 부회장이 퇴사를 선언한 김미소 비서를 위해 놀이공원 전체를 대관하여 회전목마와 불꽃놀이를 선물했던 로맨틱 끝판왕 촬영지.","The famous theme park reserved entirely by Young-joon for a private romantic date with Mi-so.","イ・ヨンジュン副会長がキム・ミソ秘書のために遊園地全体を貸切にしてメリーゴーランドをプレゼントした場所.",37.2933,127.2024,"경기도 용인시 처인구 포곡읍 에버랜드로 199","199 Everland-ro, Pogok-eup, Cheoin-gu, Yongin-si, Gyeonggi-do","京畿道龍仁市処仁区蒲谷邑エバーランド路199","landmark,romance,dramaSite","10:00 - 22:00","10:00 AM - 10:00 PM","10:00 - 22:00",true,"밤하늘 화려한 불꽃놀이와 회전목마 앞에서 펼쳐진 영준과 미소의 로맨틱 데이트","Private fireworks and carousel date scene under the night sky","夜空を彩る花火の下でのヨンジュンとミソのロマンチックな告白","assets/images/ㄱㅂㅅ.jpeg","수인분당선 기흥역 -> 에버라인 환승 -> 전대·에버랜드역 하차","Giheung Stn -> Transfer to EverLine -> Get off at Everland Stn","器興駅からエバーライン乗り換え"
"spot-022","secretary-kim","김비서가 왜 그럴까","What's Wrong with Secretary Kim","キム秘書はいったいなぜ","상암동 DDMC (유명그룹 본사 사옥)","Sangam DDMC (Yumyeong Group HQ)","上岩DDMC（有名グループ本社ビル）","부회장 이영준과 완벽주의 비서 김미소가 매일 출퇴근하며 치열한 오피스 밀당을 벌였던 유명그룹 사옥 촬영지.","The high-tech corporate building serving as Yumyeong Group Headquarters in Sangam-dong.","副会長イ・ヨンジュンと秘書キム・ミソが毎日出退勤した有名グループ本社の撮影地.",37.5786,126.892,"서울특별시 마포구 매봉산로 75 (상암 DDMC)","75 Maebongsan-ro, Mapo-gu, Seoul","ソウル特別市麻浦区梅峰山路75","building,dramaSite","09:00 - 18:00","9:00 AM - 6:00 PM","09:00 - 18:00",true,"영준이 전용 엘리베이터에서 내리고 미소가 수석비서 업무를 챙기던 로비 현장","Young-joon and Mi-so entering the office building lobby","ヨンジュンとミソがオフィスビルのロビーを出入りするシーン","assets/images/ㄱㅂㅅ.jpeg","공항철도/6호선 디지털미디어시티역 9번 출구 -> 도보 5분","Airport Line Digital Media City Stn Exit 9 -> Walk 5 mins","DMC駅9番出口 -> 徒歩5分"
"spot-013","youngest-son","재벌집 막내아들","Reborn Rich","財閥家の末っ子","정심재 (순양그룹 진양철 회장 자택 - 옛 부산시장 관사 도모헌)","Jeongsimjae (Domoheon - Sunyang HQ)","正心斎（旧釜山市長官邸 DOMOHEON）","순양그룹 창업주 진양철 회장의 거대 저택 정심재의 실제 촬영지. 부산 수영구 남천동 황령산 자락에 위치한 옛 부산시장 관사 도모헌입니다.","The grand estate Jeongsimjae, home of Sunyang Group Founder Jin Yang-chul. Located in Busan (Domoheon).","順洋グループ創業者・陳会長の威厳ある邸宅正心斎の実際の撮影地.",35.1588,129.1604,"부산광역시 수영구 황령산로7번길 60 (도모헌)","60 Hwangryeongsan-ro 7beon-gil, Suyeong-gu, Busan","釜山広域市水営区荒嶺山路7キル60","building,dramaSite,landmark","10:00 - 18:00 (월요일 휴무)","10:00 AM - 6:00 PM (Closed Mondays)","10:00 - 18:00（月曜休館）",true,"진도준이 할아버지 진양철 회장의 신임을 얻으며 가족 모임에 참석하던 정심재 웅장한 대문","Jin Do-jun entering Jin Yang-chul's estate Jeongsimjae","チン・ドジュンが祖父の信任を得て家族会合に出席した正心斎の重厚な大門","assets/images/ㅈ.jpeg","부산지하철 2호선 남천역 1번 출구 -> 도보 10분","Busan Line 2 Namcheon Stn Exit 1 -> Walk 10 mins","釜山地下鉄2号線南川駅1番出口 -> 徒歩10分"
"spot-014","youngest-son","재벌집 막내아들","Reborn Rich","財閥家の末っ子","삼청동 카페 보드레 (진도준과 서민영의 한옥 비밀 아지트)","Cafe Bodre (Do-jun & Min-young Hanok Hideout)","三清洞カフェ・ボドレ（ドジュン＆ミニョン韓屋アジト）","진도준이 법대생 시절 서민영과 만나며 순양가 승계 전략 수립과 연애를 함께하던 삼청동 한옥 카페 촬영지.","The traditional hanok cafe in Samcheong-dong where Do-jun met Min-young during law school.","チン・ドジュンが法学生時代にソ・ミニョンと会い戦略を練った三清洞の韓屋カフェ.",37.583,126.9835,"서울특별시 종로구 화동 138-7 (삼청동)","138-7 Hwa-dong, Jongno-gu, Seoul","ソウル特別市鐘路区花洞138-7","cafe,dramaSite,romance","11:00 - 21:00","11:00 AM - 9:00 PM","11:00 - 21:00",true,"도준이 민영과 함께 커피를 마시며 미라클 투자 전략을 세우던 아늑한 한옥 테라스","Do-jun and Min-young meeting at the hanok cafe terrace","ドジュンがミニョンとコーヒーを飲みながら戦略を練った韓屋テラス","assets/images/ㅈ.jpeg","3호선 안국역 1번 출구 -> 도보 7분","Line 3 Anguk Stn Exit 1 -> Walk 7 mins","3号線安国駅1番出口 -> 徒歩7分"
"spot-023","youngest-son","재벌집 막내아들","Reborn Rich","財閥家の末っ子","그랜드 하얏트 서울 (순양그룹 창업 및 반도체 선언 행사장)","Grand Hyatt Seoul (Sunyang Semiconductor Hall)","グランドハイアットソウル（順洋半導体宣言）","진양철 회장이 순양 반도체 사운을 걸고 대규모 창업 선언 연설을 감행했던 남산 하얏트 Grand Ballroom 촬영지.","The luxury Namsan hotel ballroom where Chairman Jin declared Sunyang's semiconductor investment.","陳会長が順洋半導体への投資を宣言した南山のラグジュアリーホテル.",37.539,126.9975,"서울특별시 용산구 소월로 322","322 Sowol-ro, Yongsan-gu, Seoul","ソウル特別市龍山区素月路322","building,landmark,dramaSite","24시간","24 Hours","24時間",true,"진양철 회장이 기자회견을 열어 순양의 미래 반도체 사업 투자를 강력히 선언하던 볼룸","Chairman Jin announcing Sunyang's semiconductor business to the press","陳会長が記者会見を開き半導体事業投資を宣言したボールルーム","assets/images/ㅈ.jpeg","6호선 한강진역 1번 출구 -> 용산03 마을버스 승차 -> 하얏트호텔 하차","Line 6 Hangangjin Stn Exit 1 -> Bus Yongsan03","6号線漢江鎮駅1番出口 -> バス乗車"
"spot-015","omniscient-reader","전지적 독자 시점","Omniscient Reader's Viewpoint","全知的読者の視点で","지하철 3호선 동호대교 (첫 번째 시나리오 한강 교량)","Subway Line 3 Dongho Bridge (First Scenario)","地下鉄3号線東湖大橋（最初のシナリオ）","소설 속 세상으로 변해버린 3호선 지하철 안에서 김독자가 살아남아 탈선 후 한강을 건너며 도깨비 비형과 만난 가장 상징적 장소.","The iconic bridge on Subway Line 3 where Kim Dokja survived the first scenario and crossed the Han River.","小説の世界に変わってしまった地下鉄3号線の中でキム・ドクジャが生き残り、漢江を渡った橋.",37.5365,127.0165,"서울특별시 성동구 옥수동 ~ 강남구 압구정동 (옥수역 6번 출구)","Dongho Bridge (Oksu Stn Exit 6 to Apgujeong)","ソウル特別市城東区玉水洞〜江南区狎鴎亭洞","landmark,nightView,fantasy","24시간","24 Hours","24時間",true,"3호선 열차 탈선 후 붉은 강물이 흐르던 동호대교 위에서 옥수역으로 걸어가던 장면","Kim Dokja walking along Dongho Bridge toward Oksu Station after subway derailment","3号線脱線後、赤い川が流れる東湖大橋の上を歩いたシーン","assets/images/ㅈㄷㅅ.jpeg","3호선/경의중앙선 옥수역 6번 출구 -> 도보 2분","Line 3 Oksu Stn Exit 6 -> Walk 2 mins","3号線玉水駅6番出口 -> 徒歩2分"
"spot-016","omniscient-reader","전지적 독자 시점","Omniscient Reader's Viewpoint","全知的読者の視点で","3호선 금호역 (김독자 일행의 첫 번째 메인 거점)","Kumho Station Line 3 (First Main Base)","地下鉄3号線金湖駅（最初の拠点）","김독자가 유상아, 이현성, 길영이와 함께 첫 번째 메인 시나리오를 완료하고 텐트를 치며 화신 집단을 다스리던 지하철 거점 역.","The subway station serving as Kim Dokja's group main base after completing the first scenario.","キム・ドクジャが最初のメインシナリオを完了し拠点とした地下鉄3号線金湖駅.",37.548,127.0158,"서울특별시 성동구 동호로 지하 180 (금호역)","180 Dongho-ro, Seongdong-gu, Seoul (Kumho Stn)","ソウル特別市城東区東湖路地下180","landmark,fantasy,building","05:30 - 24:00","5:30 AM - 12:00 AM","05:30 - 24:00",true,"독자가 금호역 지하 역사 안에서 철두그룹과 대립하고 식량을 배분하던 거점 장면","Kim Dokja managing resources and confronting rival groups inside Kumho Station","ドクジャが金湖駅地下の拠点で食料を分配しライバルグループと対立したシーン","assets/images/ㅈㄷㅅ.jpeg","3호선 금호역 내부 지하승강장 및 대합실","Line 3 Kumho Stn (Direct inside)","3号線金湖駅直結"
"spot-024","omniscient-reader","전지적 독자 시점","Omniscient Reader's Viewpoint","全知的読者の視点で","대한극장 및 충무로역 (시나리오 3 백청교도 전투 무대)","Daehan Cinema & Chungmuro Stn (Scenario 3)","大韓劇場＆忠武路駅（シナリオ3戦闘舞台）","김독자와 유중혁이 옥좌 쟁탈전을 앞두고 시나리오 3 무대에서 방천화극 및 화신들과 격돌하던 충무로 역사 문화 거점.","The famous Chungmuro theater area serving as the battleground for Scenario 3.","キム・ドクジャとユ・ジュンヒョクがシナリオ3で激突した忠武路の劇場.",37.5608,126.995,"서울특별시 중구 퇴계로 212 (충무로역 1번 출구)","212 Toegye-ro, Jung-gu, Seoul","ソウル特別市中区退渓路212","landmark,fantasy,photospot","24시간","24 Hours","24時間",true,"독자가 충무로역 영화관 상영관 안에서 유중혁과 인카운터하여 공방을 벌이던 장면","Dokja encountering Yoo Joonghyuk inside Daehan Cinema Chungmuro","ドクジャが忠武路の映画館でユ・ジュンヒョクと遭遇し攻防を繰り広げたシーン","assets/images/ㅈㄷㅅ.jpeg","3호선/4호선 충무로역 1번 출구 직결","Line 3/4 Chungmuro Stn Exit 1 Direct Connection","3号線/4号線忠武路駅1번出口直結"
"spot-017","garbage-time","가비지타임","Garbage Time","ガベージタイム","부산중앙고등학교 (지상고등학교 농구부 실화 모티브)","Busan Central High School (Jisang High Real Motif)","釜山中央高等学校（地上高校実話モチーフ）","교체 선수 없이 단 5명의 농구부 선수로 전국대회 결승 진출 신화를 쓴 지상고등학교의 실제 모델이자 농구 명문 고등학교.","The real-world high school basketball powerhouse that inspired Jisang High School's legendary 5-player run.","交代選手なしの5人だけで全国大会準優勝を果たした地上高校の実際のモデル校.",35.1052,129.0385,"부산광역시 중구 망양로 309 (부산중앙고)","309 Mangyang-ro, Jung-gu, Busan","釜山広域市中区望洋路309","landmark,street","09:00 - 18:00 (학교 외부 전경 관람)","9:00 AM - 6:00 PM (Exterior View Only)","09:00 - 18:00",true,"성준수, 기상호, 공태성이 땀 흘리며 연습하던 부산 산복도로 체육관 농구 코트 모티브","Jisang High members practicing on the hillside gym court","ソン・ジュンス、ギ・サンホが汗を流した体育館","assets/images/ㄱ.jpeg","부산1호선 부산역 7번 출구 -> 86번 버스 승차 -> 도보 1분","Busan Line 1 Busan Stn Exit 7 -> Bus 86 -> Walk 1 min","釜山1号線釜山駅7番出口 -> バス86乗車 -> 徒歩1分"
"spot-018","garbage-time","가비지타임","Garbage Time","ガベージタイム","김천 중앙고등학교 (장도고등학교 캠퍼스 모티브)","Gimcheon Central High School (Jangdo High Motif)","金泉中央高等学校（長道高校モチーフ）","전국 최강 챔피언 팀 장도고등학교의 모티브가 된 김천시 시청로 위치 체육관 및 학교 운동장.","The real-world high school campus that inspired Jangdo High School, the undefeated championship team.","全国最強チーム・長道高校のモチーフとなった金泉市の高校.",36.1265,128.0838,"경상북도 김천시 시청로 105","105 Sicheong-ro, Gimcheon-si, Gyeongbuk","慶尚北道金泉市市庁路105","landmark,street","09:00 - 18:00 (외부 전경)","9:00 AM - 6:00 PM (Exterior Only)","09:00 - 18:00",true,"최종수와 임승대가 혹독한 훈련을 거치며 득점포를 가동하던 전설의 체육관 코트","Jangdo High's legendary basketball court scene","チェ・ジョンスとイム・スンデが猛練習を重ねたコート","assets/images/ㄱ.jpeg","KTX 김천구미역 -> 15번 시내버스 승차 -> 도보 3분","KTX Gimcheon Gumi Stn -> Bus 15 -> Walk 3 mins","KTX金泉亀尾駅 -> バス15乗車 -> 徒歩3分"
"spot-025","garbage-time","가비지타임","Garbage Time","ガベージタイム","영광 홍농초등학교 체육관 (작중 쌍용기 전국대회 경기장 모델)","Hongnong Gym (Ssangyong Tournament Arena)","弘農小学校体育館（双龍旗大会会場モデル）","작가(2사장) TMI 공개 피셜 작중 쌍용기 전국고교농구대회 경기가 펼쳐진 독특한 체육관 디자인의 실제 베이스 모델.","The gym structure that served as the design basis for the Ssangyong Tournament arena in Garbage Time.","作者TMIで公開された双龍旗全国高校バスケ大会の試合会場モデル.",35.385,126.415,"전라남도 영광군 홍농읍 홍농로 478","478 Hongnong-ro, Hongnong-eup, Yeonggwang-gun, Jeonnam","全羅南道霊光郡弘農邑弘農路478","landmark,street","09:00 - 18:00 (외부 관람)","9:00 AM - 6:00 PM","09:00 - 18:00",true,"지상고가 장도고와 결승전에서 마지막 버저비터 3점슛을 날리던 전설의 경기장","The Ssangyong Tournament final buzzer beater 3-pointer scene","地上高校が長道高校と決勝戦でブザービーターを決めた伝説の会場","assets/images/ㄱ.jpeg","영광 종합버스터미널 -> 홍농 방향 시내버스 승차 -> 홍농초등학교 하차","Yeonggwang Terminal -> Local Bus to Hongnong","霊光ターミナル -> バス乗車"
